geocodigo,desc_fundar,name_long,name_short,,,,
ABW,Aruba,,,,,,
AFE,África Oriental y Meridional,,,,,,
AFG,Afganistán,,,,,,
AFW,África Occidental y Central,,,,,,
AGO,Angola,,,,,,
AIA,Anguila,,,,,,
ALA,Islas Åland,,,,,,
ALB,Albania,,,,,,
AND,Andorra,,,,,,
ANT,Antillas Holandesas,,,,,,
ARB,Mundo Árabe,Mundo árabe,Mundo árabe,,,, 
ARE,Emiratos Árabes Unidos,,,,,,
ARG,Argentina,,,,,,
ARM,Armenia,,,,,,
ASM,Samoa Americana,,,,,,
ATA,Antártida,,,,,,
ATF,Territorio de las Tierras Australes Francesas,Tierras Australes Francesas,Tierras Australes Francesas,,,,
ATG,Antigua y Barbuda,,,,,,
AUS,Australia,,,,,,
AUT,Austria,,,,,,
AZE,Azerbaiyán,,,,,,
BAT,Territorio Antártico Británico,Antártida Británica,Antártida Británica,,,,
BDI,Burundi,,,,,,
BEL,Bélgica,,,,,,
BEN,Benin,,,,,,
BES,"Bonaire, San Eustaquio y Saba",Bonaire,Bonaire,,,,
BFA,Burkina Faso,,,,,,
BGD,Bangladesh,,,,,,
BGR,Bulgaria,,,,,,
BHR,Bahrein,,,,,,
BHS,Bahamas,,,,,,
BIH,Bosnia y Herzegovina,,,,,,
BLM,San Barthélemy,,,,,,
BLR,Belarús,,,,,,
BLX,Bélgica-Luxemburgo,,,,,,
BLZ,Belice,,,,,,
BMU,Bermuda,,,,,,
BOL,Bolivia,,,,,,
BRA,Brasil,,,,,,
BRB,Barbados,,,,,,
BRN,Brunei Darussalam,Brunei,Brunei,,,,
BTN,Bhután,,,,,,
BVT,Isla Bouvet,Bouvet,Bouvet,,,,
BWA,Botswana,,,,,,
CAF,República Centroafricana,Rep. Centroafricana,Rep. Centroafricana,,,,
CAN,Canadá,,,,,,
CCK,Islas Cocos (Keeling),Islas Cocos,Islas Cocos,,,,
CEB,Europa Central y Los Países Bálticos,Europa Central y Bálticos,Europa Central y Bálticos,,,,
CEM,Comunidad Económica y Monetaria de Africa Central (CEMAC),,,,,,
CHE,Suiza,,,,,,
CHI,Islas Del Canal,,,,,,
CHL,Chile,,,,,,
CHN,China (ISO),China,China,,,,
CIV,Costa de Marfil,,,,,,
CMR,Camerún,,,,,,
COD,República Democrática del Congo,Rep. Dem. Congo,Rep. Dem. Congo,,,,
COG,Congo,,,,,,
COK,Islas Cook,,,,,,
COL,Colombia,,,,,,
COM,Comoras,,,,,,
CPV,Cabo Verde,,,,,,
CRI,Costa Rica,,,,,,
CSK,Checoslovaquia,,,,,,
CSS,Pequeños Estados Del Caribe,Pequeños Estados del Caribe,Pequeños Estados del Caribe,,,,
CUB,Cuba,,,,,,
CUW,Curazao,,,,,,
CXR,Isla Christmas,,,,,,
CYM,Islas Caimán,,,,,,
CYP,Chipre,,,,,,
CZE,Chequia,,,,,,
DDR,República Democrática Alemana,Rep. Dem. Alemana,Rep. Dem. Alemana,,,,
DEU,Alemania,,,,,,
DJI,Djibouti,,,,,,
DMA,Dominica,,,,,,
DNK,Dinamarca,,,,,,
DOM,Dominicana,Rep. Dominicana,Rep. Dominicana,,,,
DZA,Argelia,,,,,,
SSF,Africa Sub-Sahariana (BM),África Subsahariana,África Subsahariana,,,,
EAR,Bono Demográfico Temprano,Bono demográfico temprano,Bono demográfico temprano,,,,
SSA,África Subsahariana (excluidos los Ingresos Altos),,,,,,
TSS,África Subsahariana (IDA y BIRF),Europa y Asia Central,Europa y Asia Central,,,,
LCN,América Latina y el Caribe,,,,,,
ECU,Ecuador,,,,,,
EGY,Egipto,,,,,,
EMU,Zona del Euro,Eurozona,Eurozona,,,,
ERI,Eritrea,,,,,,
ESH,Sáhara Occidental,,,,,,
ESP,España,,,,,,
EST,Estonia,,,,,,
ETF,Etiopía (incluye Eritrea),,,,,,
ETH,Etiopía,,,,,,
EUU,Unión Europea,,,,,,
F164,Territorio en Fideicomiso de las Islas del Pacífico,,,,,,
F206,Sudán (Ex),,,,,,
F285,Sark,,,,,,
F336,América del Norte y Central,,,,,,
F351,China (FAO),China,China,,,,
F420,Africa Sub-Sahariana (FAO),África Subsahariana,África Subsahariana,,,,
F429,Norte de África (excluido Sudán),Norte de África,Norte de África,,,,
F5101,África Oriental,,,,,,
F5102,África Media,,,,,,
F5103,África del Norte,,,,,,
F5104,África del Sur,,,,,,
F5105,África Occidental,,,,,,
F5203,América del Norte (FAO),América del Norte,América del Norte,,,,
F5204,Centroamérica,,,,,,
F5205,América Latina y El Caribe (FAO),América Latina y el Caribe,América Latina y el Caribe,,,,
F5206,Caribe,,,,,,
F5207,Sudamerica,Sudamérica,Sudamérica,,,,
F5208,América Del Norte y Europa,América del Norte y Europa,América del Norte y Europa,,,,
F5300,Asia,,,,,,
F5301,Asia Central,,,,,,
F5302,Asia Oriental,,,,,,
F5303,Asia del Sur (FAO),Asia del Sur,Asia del Sur,,,,
F5304,Sudeste Asiático,,,,,,
F5305,Asia Occidental,,,,,,
F5306,Asia Central y Asia Meridional,,,,,,
F5307,Asia Oriental y Asia Sudoriental,,,,,,
F5308,Asia Occidental y África del Norte,,,,,,
F5401,Europa del Este,,,,,,
F5402,Norte de Europa,,,,,,
F5403,Europa del Sur,,,,,,
F5404,Europa Oriental,,,,,,
F5500,Oceanía,,,,,,
F5501,Australia y Nueva Zelanda,,,,,,
F5502,Melanesia,,,,,,
F5504,Polinesia,,,,,,
F5600,Región Antártica,,,,,,
F5707,Unión Europea (27),,,,,,
F5801,Países Menos Desarrollados,Países menos desarrollados,Países menos desarrollados,,,,
F5802,Países en Desarrollo Sin Litoral,Países en desarrollo sin litoral,Países en desarrollo sin litoral,,,,
F5803,Pequeños Estados Insulares en Desarrollo,Pequeños Estados insulares,Pequeños Estados insulares,,,,
F5807,Oceanía (excluyendo Australia y Nueva Zelanda),,,,,,
F5810,África Subsahariana (incluido Sudán),África Subsahariana,África Subsahariana,,,,
F5815,Países de Bajos Ingresos y con Déficit de Alimentos,Países de bajos ingresos ,Países de bajos ingresos,,,,
F5817,Países en Desarrollo Importadores Netos de Alimentos,Países en desarrollo importadores netos de alimentos,Países en desarrollo importadores netos de alimentos,,,,
F5825,Asia Oriental (excluido Japón),,,,,,
F5826,Regiones en Desarrollo,Regiones en desarrollo,Regiones en desarrollo,,,,
F5827,Regiones Desarrolladas,Regiones desarrolladas,Regiones desarrolladas,,,,
F5828,"Asia Occidental (excluyendo Armenia, Azerbaiyán, Chipre, Israel y Georgia)",Asia Occidental,Asia Occidental,,,,
F5829,Asia Oriental (excluyendo Japón y China),,,,,,
F5848,Países del Anexo I,,,,,,
F5849,Países no Incluidos en el Anexo I,,,,,,
F5855,Asia Meridional (excluida India),,,,,,
F5857,Cáucaso y Asia Central,,,,,,
F5858,Economías de Bajos Ingresos,Economías de bajos ingresos,Economías de bajos ingresos,,,,
F5859,Economías de Ingresos Medianos Bajos,Economías de ingresos medianos bajos,Economías de ingresos medianos bajos,,,,
F5873,OCDE,,,,,,
F62,República Democrática Popular Etiopía,,,,,,
F78,República Federal de Alemania (ex),,,,,,
F9010,Economías de Altos Ingresos,Economías de altos ingresos,Economías de altos ingresos,,,,
F9011,Economías de Ingresos Medianos Altos,Economías de ingresos medianos y altos,Economías de ingresos medianos y altos,,,,
FCS,Situaciones Frágiles y Afectadas por Conflictos,Situaciones frágiles y afectadas por conflictos,Situaciones frágiles y afectadas por conflictos,,,,
FIN,Finlandia,,,,,,
FJI,Fiji,,,,,,
FLK,Islas Malvinas,,,,,,
FRA,Francia,,,,,,
FRE,Zonas Francas,Zonas francas,Zonas francas,,,,
FRO,Islas Feroe,,,,,,
FSM,Micronesia,,,,,,
GAB,Gabón,,,,,,
GAZ,Franja de Gaza,,,,,,
GBR,Reino Unido,,,,,,
GEO,Georgia,,,,,,
GGY,Guernsey,,,,,,
GHA,Ghana,,,,,,
GIB,Gibraltar,,,,,,
GIN,Guinea,,,,,,
GLP,Guadalupe,,,,,,
GMB,Gambia,,,,,,
GNB,Guinea-Bissau,,,,,,
GNQ,Guinea Ecuatorial,,,,,,
GRC,Grecia,,,,,,
GRD,Granada,,,,,,
GRL,Groenlandia,,,,,,
GTM,Guatemala,,,,,,
GUF,Guayana Francesa,,,,,,
GUM,Guam,,,,,,
GUY,Guyana,,,,,,
HIC,Países de Altos Ingresos,Países de altos ingresos,Países de altos ingresos,,,,
HKG,Hong Kong,,,,,,
HMD,Islas Heard y McDonald,,,,,,
HND,Honduras,,,,,,
HPC,Países Pobres Muy Endeudados (PPME),Países pobres endeudados,Países pobres endeudados,,,,
HRV,Croacia,,,,,,
HTI,Haití,,,,,,
HUN,Hungría,,,,,,
IBD,Sólo BIRF,,,,,,
IBT,AIF,,,,,,
IDA,AIF Total,,,,,,
IDB,Mezcla de AIF,,,,,,
IDN,Indonesia,,,,,,
IDX,Solo AIF,,,,,,
IMN,Isla de Man,,,,,,
IND,India,,,,,,
IOT,Territorio Británico del Océano Índico,,,,,,
IRL,Irlanda,,,,,,
IRN,Irán,,,,,,
IRQ,Iraq,,,,,,
ISL,Islandia,,,,,,
ISR,Israel,,,,,,
ITA,Italia,,,,,,
JAM,Jamaica,,,,,,
JEY,Jersey,,,,,,
JOR,Jordania,,,,,,
JPN,Japón,,,,,,
JTN,Isla Jhonston,,,,,,
KAZ,Kazajstán,,,,,,
KEN,Kenia,,,,,,
KGZ,Kirguistán,,,,,,
KHM,Camboya,,,,,,
KIR,Kiribati,,,,,,
KN1,San Cristóbal y Nieves-Anguila-Aru,,,,,,
KNA,Saint Kitts y Nevis,,,,,,
KOR,Corea del Sur,,,,,,
KWT,Kuwait,,,,,,
LAC,América Latina y el Caribe (excluidos Países de Altos Ingresos),América Latina y el Caribe,América Latina y el Caribe,,,,
LAO,Lao,Laos,Laos,,,,
LBN,Líbano,,,,,,
LBR,Liberia,,,,,,
LBY,Libia,,,,,,
LCA,Santa Lucía,,,,,,
TLA,América Latina y el Caribe (IDA y BIRF),,,,,,
LDC,Países Menos Desarrollados: Clasificación de la ONU,Países menos desarrollados,Países menos desarrollados,,,,
LIC,Países de Bajos Ingresos,Países de bajos ingresos,Países de bajos ingresos,,,,
LIE,Liechtenstein,,,,,,
LKA,Sri Lanka,,,,,,
LMC,Países de Ingreso Medio Bajo,Países de ingreso medio bajo,Países de ingreso medio bajo,,,,
LMY,Países de Ingreso Bajo y Medio,Países de ingreso bajo y medio,Países de ingreso bajo y medio,,,,
LSO,Lesotho,,,,,,
LTE,Bono Demográfico Tardío,Bono demográfico tardío,Bono demográfico tardío,,,,
LTU,Lituania,,,,,,
LUX,Luxemburgo,,,,,,
LVA,Letonia,,,,,,
MAC,Macao,,,,,,
MAF,San Martín (parte francesa),,,,,,
MAR,Marruecos,,,,,,
MCO,Mónaco,,,,,,
MDA,Moldavia,,,,,,
MDG,Madagascar,,,,,,
MDV,Maldivas,,,,,,
SAS,Asia del Sur (BM),,,,,,
MEX,México,,,,,,
MHL,Islas Marshall,,,,,,
MIC,Ingreso Medio,Países de ingreso medio,Países de ingreso medio,,,,
MID,Islas Midway,,,,,,
MKD,Macedonia del Norte,,,,,,
MLI,Malí,,,,,,
MLT,Malta,,,,,,
MMR,Myanmar,,,,,,
TSA,Asia del Sur (IDA y BIRF),Oriente Medio y África del Norte,Oriente Medio y África del Norte,,,,
MNE,Montenegro,,,,,,
MNG,Mongolia,,,,,,
MNP,Islas Marianas Septentrionales,Islas Marianas,Islas Marianas,,,,
MOZ,Mozambique,,,,,,
MRT,Mauritania,,,,,,
MSR,Montserrat,,,,,,
MTQ,Martinica,,,,,,
MUS,Mauricio,,,,,,
MWI,Malawi,,,,,,
MYS,Malasia,,,,,,
MYT,Mayotte,,,,,,
NAC,América del Norte (BM),América del Norte,América del Norte,,,,
NAM,Namibia,,,,,,
NCL,Nueva Caledonia,,,,,,
NER,Níger,,,,,,
NFK,Isla Norfolk,,,,,,
NGA,Nigeria,,,,,,
NIC,Nicaragua,,,,,,
NIU,Niue,,,,,,
NLD,Países Bajos,,,,,,
NOR,Noruega,,,,,,
NPL,Nepal,,,,,,
NRU,Nauru,,,,,,
NZE,Zona Neutral,,,,,,
NZL,Nueva Zelandia,Nueva Zelanda,Nueva Zelanda,,,,
OED,Miembros de la OCDE,,,,,,
OHI,Otros Países de Altos Ingresos,Países de altos ingresos,Países de altos ingresos,,,,
OMN,Omán,,,,,,
OSS,Otros Estados Pequeños,Otros Estados pequeños,Otros Estados pequeños,,,,
PAK,Pakistán,,,,,,
PAN,Panamá,,,,,,
PCE,Islas del Pacifico,Islas del Pacífico,Islas del Pacífico,,,,
PCN,Pitcairn,,,,,,
PCZ,Zona del Canal de Panamá (ex),,,,,,
PER,Perú,,,,,,
PHL,Filipinas,,,,,,
PLW,Palau,,,,,,
PMY,Pen Malasia,,,,,,
PNG,Papua Nueva Guinea,Papúa Nueva Guinea,Papúa Nueva Guinea,,,,
POL,Polonia,,,,,,
PRE,Países del Bono Predemográfico,Países del bono predemográfico,Países del bono predemográfico,,,,
PRI,Puerto Rico,,,,,,
PRK,Corea del Norte,,,,,,
PRT,Portugal,,,,,,
PRY,Paraguay,,,,,,
PSE,Palestina,,,,,,
PSS,Pequeños Estados Insulares del Pacífico,Pequeños Estados insulares del Pacífico,Pequeños Estados insulares del Pacífico,,,,
PST,Países del Bono Posdemográfico,Países del bono posdemográfico,Países del bono posdemográfico,,,,
PYF,Polinesia Francesa,,,,,,
QAT,Qatar,,,,,,
REU,Reunión,,,,,,
ROU,Rumania,,,,,,
RUS,Rusia,,,,,,
RWA,Ruanda,,,,,,
RYU,Islas Ryūkyū,,,,,,
EAS,Este de Asia y Pacífico,Este de Asia y Pacífico,Este de Asia y Pacífico,,,,
SAU,Arabia Saudita,,,,,,
SBH,Sabá,,,,,,
SCG,Serbia y Montenegro,,,,,,
SDN,Sudán,,,,,,
SEN,Senegal,,,,,,
SER,Yugoslavia,,,,,,
SGP,Singapur,,,,,,
SGS,Georgia del Sur y las Islas Sandwich del Sur,Islas Georgias y Sandwich del Sur,Islas Georgias y Sandwich del Sur,,,,
SHN,Santa Elena,,,,,,
SIK,Sikkim,,,,,,
SJM,Islas Svalbard y Jan Mayen,,,,,,
SLB,Islas Salomón,,,,,,
SLE,Sierra Leona,,,,,,
SLV,El Salvador,,,,,,
SMR,San Marino,,,,,,
SOM,Somalia,,,,,,
SPE,Categorías Especiales,Categorías especiales,Categorías especiales,,,,
SPM,San Pedro y Miquelón,,,,,,
SRB,Serbia,,,,,,
EAP,Este de Asia y Pacífico (excluyendo Países de Altos Ingresos),Este de Asia y Pacífico (excluyendo Países de Altos Ingresos),Este de Asia y Pacífico (excluyendo Países de Altos Ingresos),,,,
SSD,Sudán del Sur,,,,,,
TEA,Este de Asia y Pacífico (IDA y BIRF),Este de Asia y Pacífico (IDA y BIRF),Este de Asia y Pacífico (IDA y BIRF),,,,
SST,Estados Pequeños,Estados pequeños,Estados pequeños,,,,
STP,Santo Tomé y Príncipe,,,,,,
SUR,Suriname,,,,,,
SVK,Eslovaquia,,,,,,
SVN,Eslovenia,,,,,,
SVR,Vietnam del Sur (ex),,,,,,
SVU,Unión Soviética,,,,,,
SWE,Suecia,,,,,,
SWK,Sarawak,,,,,,
SWZ,Eswatini,,,,,,
SXM,San Martín (parte Holandesa),San Martín (parte holandesa),San Martín (parte holandesa),,,,
SYC,Seychelles,,,,,,
SYR,Siria,,,,,,
TAN,Tanganica (ex),,,,,,
TCA,Islas Turcas y Caicos,,,,,,
TCD,Chad,,,,,,
ECS,Europa y Asia Central,Europa y Asia Central,Europa y Asia Central,,,,
ECA,Europa y Asia Central (excluyendo Países de Altos Ingresos),Europa y Asia Central (excluyendo Países de Altos Ingresos),Europa y Asia Central (excluyendo Países de Altos Ingresos),,,,
TGO,Togo,,,,,,
THA,Tailandia,,,,,,
TJK,Tayikistán,,,,,,
TKL,Tokelau,,,,,,
TKM,Turkmenistán,,,,,,
TEC,Europa y Asia Central (IDA y BIRF),Europa y Asia Central (IDA y BIRF),Europa y Asia Central (IDA y BIRF),,,,
TLS,Timor-Leste,,,,,,
MEA,Oriente Medio y África del Norte,Oriente Medio y África del Norte,Oriente Medio y África del Norte,,,,
TON,Tonga,,,,,,
MNA,Oriente Medio y África del Norte (excluidos Países de Altos Ingresos),Oriente Medio y África del Norte (excluidos Países de Altos Ingresos),Oriente Medio y África del Norte (excluidos Países de Altos Ingresos),,,,
TMN,Oriente Medio y África del Norte (IDA y BIRF),Oriente Medio y África del Norte (IDA y BIRF),Oriente Medio y África del Norte (IDA y BIRF),,,,
TTO,Trinidad y Tobago,,,,,,
TUN,Túnez,,,,,,
TUR,Turquía,,,,,,
TUV,Tuvalu,,,,,,
TWN,Taiwán,,,,,,
TZA,Tanzanía,,,,,,
UGA,Uganda,,,,,,
UKR,Ucrania,,,,,,
UMC,Ingreso Medio Alto,Países de ingreso medio alto,Países de ingreso medio alto,,,,
UMI,Islas Menores alejadas de Estados Unidos,Islas menores alejadas de EEUU,Islas menores alejadas de EEUU,,,,
UNS,No Especificado,No especificado,No especificado,,,,
URY,Uruguay,,,,,,
USA,Estados Unidos,,,,,,
USP,Us Msc.Pac.I,,,,,,
UZB,Uzbekistán,,,,,,
VAT,Vaticano,,,,,,
VCT,San Vicente y las Granadinas,,,,,,
VDR,Vietnam del Norte (ex),,,,,,
VEN,Venezuela,,,,,,
VGB,Islas Vírgenes Británicas,,,,,,
VIR,Islas Vírgenes de los Estados Unidos,Islas Vírgenes de EEUU,Islas Vírgenes de EEUU,,,,
VNM,Vietnam,,,,,,
VUT,Vanuatu,,,,,,
WAK,Isla Wake,,,,,,
WBG,Cisjordania y Gaza,,,,,,
WLD,Mundo,,,,,,
WLF,Islas Wallis y Futuna,Wallis y Futuna,Wallis y Futuna,,,,
WSM,Samoa,,,,,,
X06,África,,,,,,
X21,Américas,,,,,,
XKX,Kosovo,,,,,,
YDR,República Democrática Popular de Yemen,Rep. Dem. Pop. Yemen,Rep. Dem. Pop. Yemen,,,,
YEM,Yemen,,,,,,
YMD,República Arábica de Yemen,Yemen,Yemen,,,,
ZAF,Sudáfrica,,,,,,
ZMB,Zambia,,,,,,
ZPM,Zanzibar,,,,,,
ZW1,Rhodesia y Nyasaland (ex),,,,,,
ZWE,Zimbabwe,,,,,,
OWID_USS,Unión Soviética (OWID),Unión Soviética,Unión Soviética,,,,
TRANS,Transporte Internacional,Transporte internacional,Transporte internacional,,,,
PCI,Islas del Pacífico (ex),,,,,,
ANS,Países no Declarados,Países no declarados,Países no declarados,,,,
APEC,Cooperación Económica Asia-Pacífico,,,,,,
ASEAN,Asociación de Naciones del Sudeste Asiático,,,,,,
EA19,Zona Euro (19 países),Eurozona,Eurozona,,,,
EASIA,Asia del Este,,,,,,
EU13,Unión Europea (28 países excluyendo EU15),,,,,,
EU15,Unión Europea (15 países),Unión Europea (15 países),Unión Europea (15 países),,,,
EU27_2020,Unión Europea (27 países),,,,,,
EU28,Unión Europea (28 países),,,,,,
G20,G-20,,,,,,
NONOECD,Economías no miembros de OCDE,Países no miembros de OCDE,Países no miembros de OCDE,,,,
OECD,Países miembros de OCDE,,,,,,
ROW,Resto del Mundo,Resto del mundo,Resto del mundo,,,,
ZASI,Este y Sudeste Asiático,,,,,,
ZEUR,Europa,,,,,,
ZNAM,América del Norte (OECD),América del Norte,América del Norte,,,,
ZOTH,Otras Regiones,Otras regiones,Otras regiones,,,,
ZSCA,América del Sur y Central,,,,,,
OWID_AKD,Akrotiri y Dekelia,,,,,,
AR-C,Ciudad Autónoma de Buenos Aires,CABA,CABA,,,,
AR-B,Buenos Aires,,,,,,
AR-K,Catamarca,,,,,,
AR-X,Córdoba,,,,,,
AR-W,Corrientes,,,,,,
AR-H,Chaco,,,,,,
AR-U,Chubut,,,,,,
AR-E,Entre Ríos,,,,,,
AR-P,Formosa,,,,,,
AR-Y,Jujuy,,,,,,
AR-L,La Pampa,,,,,,
AR-F,La Rioja,,,,,,
AR-M,Mendoza,,,,,,
AR-N,Misiones,,,,,,
AR-Q,Neuquén,,,,,,
AR-R,Río Negro,,,,,,
AR-A,Salta,,,,,,
AR-J,San Juan,,,,,,
AR-D,San Luis,,,,,,
AR-Z,Santa Cruz,,,,,,
AR-S,Santa Fe,,,,,,
AR-G,Santiago del Estero,,,,,,
AR-T,Tucumán,,,,,,
AR-V,Tierra del Fuego,,,,,,
AR-C001,Comuna 01 (Caba),Comuna 1 (CABA),Comuna 1 (CABA),,,,
AR-C002,Comuna 02 (Caba),Comuna 2 (CABA),Comuna 2 (CABA),,,,
AR-C003,Comuna 03 (Caba),Comuna 3 (CABA),Comuna 3 (CABA),,,,
AR-C004,Comuna 04 (Caba),Comuna 4 (CABA),Comuna 4 (CABA),,,,
AR-C005,Comuna 05 (Caba),Comuna 5 (CABA),Comuna 5 (CABA),,,,
AR-C006,Comuna 06 (Caba),Comuna 6 (CABA),Comuna 6 (CABA),,,,
AR-C007,Comuna 07 (Caba),Comuna 7 (CABA),Comuna 7 (CABA),,,,
AR-C008,Comuna 08 (Caba),Comuna 8 (CABA),Comuna 8 (CABA),,,,
AR-C009,Comuna 09 (Caba),Comuna 9 (CABA),Comuna 9 (CABA),,,,
AR-C010,Comuna 10 (Caba),Comuna 10 (CABA),Comuna 10 (CABA),,,,
AR-C011,Comuna 11 (Caba),Comuna 11 (CABA),Comuna 11 (CABA),,,,
AR-C012,Comuna 12 (Caba),Comuna 12 (CABA),Comuna 12 (CABA),,,,
AR-C013,Comuna 13 (Caba),Comuna 13 (CABA),Comuna 13 (CABA),,,,
AR-C014,Comuna 14 (Caba),Comuna 14 (CABA),Comuna 14 (CABA),,,,
AR-C015,Comuna 15 (Caba),Comuna 15 (CABA),Comuna 15 (CABA),,,,
AR-B007,Adolfo Alsina (Buenos Aires),,,,,,
AR-B021,Alberti (Buenos Aires),,,,,,
AR-B028,Almirante Brown (Buenos Aires),Alte. Brown (Buenos Aires),Alte. Brown (Buenos Aires),,,,
AR-B035,Avellaneda (Buenos Aires),,,,,,
AR-B042,Ayacucho (Buenos Aires),,,,,,
AR-B049,Azul (Buenos Aires),,,,,,
AR-B056,Bahia Blanca (Buenos Aires),,,,,,
AR-B063,Balcarce (Buenos Aires),,,,,,
AR-B070,Baradero (Buenos Aires),,,,,,
AR-B077,Bartolome Mitre (Buenos Aires),,,,,,
AR-B091,Berazategui (Buenos Aires),,,,,,
AR-B098,Berisso (Buenos Aires),,,,,,
AR-B105,Bolivar (Buenos Aires),,,,,,
AR-B112,Bragado (Buenos Aires),,,,,,
AR-B119,Brandsen (Buenos Aires),,,,,,
AR-B126,Campana (Buenos Aires),,,,,,
AR-B134,Cañuelas (Buenos Aires),,,,,,
AR-B140,Capitan Sarmiento (Buenos Aires),,,,,,
AR-B147,Carlos Casares (Buenos Aires),,,,,,
AR-B154,Carlos Tejedor (Buenos Aires),,,,,,
AR-B161,Carmen De Areco (Buenos Aires),,,,,,
AR-B602,Patagones (Buenos Aires),,,,,,
AR-B168,Castelli (Buenos Aires),,,,,,
AR-B175,Colon (Buenos Aires),,,,,,
AR-B189,Coronel Dorrego (Buenos Aires),Cnel. Dorrego (Buenos Aires),Cnel. Dorrego (Buenos Aires),,,,
AR-B196,Coronel Pringles (Buenos Aires),Cnel. Pringles (Buenos Aires),Cnel. Pringles (Buenos Aires),,,,
AR-B182,Coronel De Marina L. Rosales (Buenos Aires),Cnel. Rosales (Buenos Aires),Cnel. Rosales (Buenos Aires),,,,
AR-B203,Coronel Suarez (Buenos Aires),Cnel. Suárez (Buenos Aires),Cnel. Suárez (Buenos Aires),,,,
AR-B210,Chacabuco (Buenos Aires),,,,,,
AR-B217,Chascomus (Buenos Aires),Chascomús (Buenos Aires),Chascomús (Buenos Aires),,,,
AR-B224,Chivilcoy (Buenos Aires),,,,,,
AR-B231,Daireaux (Buenos Aires),,,,,,
AR-B238,Dolores (Buenos Aires),,,,,,
AR-B245,Ensenada (Buenos Aires),,,,,,
AR-B252,Escobar (Buenos Aires),,,,,,
AR-B260,Esteban Echeverria (Buenos Aires),Esteban Echeverría (Buenos Aires),Esteban Echeverría (Buenos Aires),,,,
AR-B266,Exaltacion De La Cruz (Buenos Aires),Exaltación de la Cruz (Buenos Aires),Exaltación de la Cruz (Buenos Aires),,,,
AR-B274,Florencio Varela (Buenos Aires),,Gral. Alvarado (Buenos Aires),,,,
AR-B280,General Alvarado (Buenos Aires),Gral. Alvarado (Buenos Aires),Gral. Alvear (Buenos Aires),,,,
AR-B287,General Alvear (Buenos Aires),Gral. Alvear (Buenos Aires),Gral. Arenales (Buenos Aires),,,,
AR-B294,General Arenales (Buenos Aires),Gral. Arenales (Buenos Aires),Gral. Belgrano (Buenos Aires),,,,
AR-B301,General Belgrano (Buenos Aires),Gral. Belgrano (Buenos Aires),Gral. Guido (Buenos Aires),,,,
AR-B308,General Guido (Buenos Aires),Gral. Guido (Buenos Aires),Gral. La Madrid (Buenos Aires),,,,
AR-B322,General La Madrid (Buenos Aires),Gral. La Madrid (Buenos Aires),Gral. Las Heras (Buenos Aires),,,,
AR-B329,General Las Heras (Buenos Aires),Gral. Las Heras (Buenos Aires),Gral. Lavalle (Buenos Aires),,,,
AR-B336,General Lavalle (Buenos Aires),Gral. Lavalle (Buenos Aires),Gral. Juan Madariaga (Buenos Aires),,,,
AR-B315,General Juan Madariaga (Buenos Aires),Gral. Juan Madariaga (Buenos Aires),Gral. Paz (Buenos Aires),,,,
AR-B343,General Paz (Buenos Aires),Gral. Paz (Buenos Aires),Gral. Pinto (Buenos Aires),,,,
AR-B351,General Pinto (Buenos Aires),Gral. Pinto (Buenos Aires),,,,,
AR-B357,General Pueyrredon (Buenos Aires),Gral. Pueyrredón (Buenos Aires),Gral. Pueyrredón (Buenos Aires),,,,
AR-B364,General Rodriguez (Buenos Aires),Gral. Rodríguez (Buenos Aires),Gral. Rodríguez (Buenos Aires),,,,
AR-B371,General San Martin (Buenos Aires),Gral. San Martín (Buenos Aires),Gral. San Martín (Buenos Aires),,,,
AR-B760,San Miguel (Buenos Aires),,,,,,
AR-B385,General Viamonte (Buenos Aires),Gral. Viamonte (Buenos Aires),Gral. Viamonte (Buenos Aires),,,,
AR-B392,General Villegas (Buenos Aires),Gral. Villegas (Buenos Aires),Gral. Villegas (Buenos Aires),,,,
AR-B014,Adolfo Gonzales Chaves (Buenos Aires),Adolfo González Chaves (Buenos Aires),Adolfo González Chaves (Buenos Aires),,,,
AR-B399,Guamini (Buenos Aires),Guaminí (Buenos Aires),Guaminí (Buenos Aires),,,,
AR-B406,Hipolito Yrigoyen (Buenos Aires),Hipólito Yrigoyen (Buenos Aires),Hipólito Yrigoyen (Buenos Aires),,,,
AR-B084,Benito Juarez (Buenos Aires),Benito Juárez (Buenos Aires),Benito Juárez (Buenos Aires),,,,
AR-B413,Junin (Buenos Aires),Junín (Buenos Aires),Junín (Buenos Aires),,,,
AR-B427,La Matanza (Buenos Aires),,,,,,
AR-B434,Lanus (Buenos Aires),Lanús (Buenos Aires),Lanús (Buenos Aires),,,,
AR-B441,La Plata (Buenos Aires),,,,,,
AR-B448,Laprida (Buenos Aires),,,,,,
AR-B455,Las Flores (Buenos Aires),,,,,,
AR-B462,Leandro N. Alem (Buenos Aires),,,,,,
AR-B469,Lincoln (Buenos Aires),,,,,,
AR-B476,Loberia (Buenos Aires),Lobería (Buenos Aires),Lobería (Buenos Aires),,,,
AR-B483,Lobos (Buenos Aires),,,,,,
AR-B490,Lomas De Zamora (Buenos Aires),Lomas de Zamora (Buenos Aires),Lomas de Zamora (Buenos Aires),,,,
AR-B497,Lujan (Buenos Aires),Luján (Buenos Aires),Luján (Buenos Aires),,,,
AR-B505,Magdalena (Buenos Aires),,,,,,
AR-B511,Maipu (Buenos Aires),Maipú (Buenos Aires),Maipú (Buenos Aires),,,,
AR-B518,Mar Chiquita (Buenos Aires),,,,,,
AR-B525,Marcos Paz (Buenos Aires),,,,,,
AR-B532,Mercedes (Buenos Aires),,,,,,
AR-B539,Merlo (Buenos Aires),,,,,,
AR-B547,Monte (Buenos Aires),,,,,,
AR-B560,Moreno (Buenos Aires),,,,,,
AR-B568,Moron (Buenos Aires),Morón (Buenos Aires),Morón (Buenos Aires),,,,
AR-B574,Navarro (Buenos Aires),,,,,,
AR-B581,Necochea (Buenos Aires),,,,,,
AR-B588,9 De Julio (Buenos Aires),,,,,,
AR-B595,Olavarria (Buenos Aires),Olavarría (Buenos Aires),Olavarría (Buenos Aires),,,,
AR-B609,Pehuajo (Buenos Aires),Pehuajó (Buenos Aires),Pehuajó (Buenos Aires),,,,
AR-B616,Pellegrini (Buenos Aires),,,,,,
AR-B623,Pergamino (Buenos Aires),,,,,,
AR-B630,Pila (Buenos Aires),,,,,,
AR-B638,Pilar (Buenos Aires),,,,,,
AR-B644,Pinamar (Buenos Aires),,,,,,
AR-B651,Puan (Buenos Aires),Puán (Buenos Aires),Puán (Buenos Aires),,,,
AR-B658,Quilmes (Buenos Aires),,,,,,
AR-B665,Ramallo (Buenos Aires),,,,,,
AR-B672,Rauch (Buenos Aires),,,,,,
AR-B679,Rivadavia (Buenos Aires),,,,,,
AR-B686,Rojas (Buenos Aires),,,,,,
AR-B693,Roque Perez (Buenos Aires),Roque Pérez (Buenos Aires),Roque Pérez (Buenos Aires),,,,
AR-B700,Saavedra (Buenos Aires),,,,,,
AR-B707,Saladillo (Buenos Aires),,,,,,
AR-B721,Salliquelo (Buenos Aires),Salliqueló (Buenos Aires),Salliqueló (Buenos Aires),,,,
AR-B714,Salto (Buenos Aires),,,,,,
AR-B728,San Andres De Giles (Buenos Aires),San Andrés de Giles (Buenos Aires),San Andrés de Giles (Buenos Aires),,,,
AR-B735,San Antonio De Areco (Buenos Aires),,,,,,
AR-B742,San Cayetano (Buenos Aires),,,,,,
AR-B749,San Fernando (Buenos Aires),,,,,,
AR-B756,San Isidro (Buenos Aires),,,,,,
AR-B763,San Nicolas (Buenos Aires),San Nicolás (Buenos Aires),San Nicolás (Buenos Aires),,,,
AR-B770,San Pedro (Buenos Aires),,,,,,
AR-B778,San Vicente (Buenos Aires),,,,,,
AR-B784,Suipacha (Buenos Aires),,,,,,
AR-B791,Tandil (Buenos Aires),,,,,,
AR-B798,Tapalque (Buenos Aires),Tapalqué (Buenos Aires),Tapalqué (Buenos Aires),,,,
AR-B805,Tigre (Buenos Aires),,,,,,
AR-B819,Tornquist (Buenos Aires),,,,,,
AR-B826,Trenque Lauquen (Buenos Aires),,,,,,
AR-B812,Tordillo (Buenos Aires),,,,,,
AR-B833,Tres Arroyos (Buenos Aires),,,,,,
AR-B840,Tres De Febrero (Buenos Aires),Tres de Febrero (Buenos Aires),Tres de Febrero (Buenos Aires),,,,
AR-B420,La Costa (Buenos Aires),,,,,,
AR-B553,Monte Hermoso (Buenos Aires),,,,,,
AR-B854,25 De Mayo (Buenos Aires),,,,,,
AR-B861,Vicente Lopez (Buenos Aires),Vicente López (Buenos Aires),Vicente López (Buenos Aires),,,,
AR-B868,Villa Gesell (Buenos Aires),,,,,,
AR-B875,Villarino (Buenos Aires),,,,,,
AR-B882,Zarate (Buenos Aires),Zárate (Buenos Aires),Zárate (Buenos Aires),,,,
AR-B847,Tres Lomas (Buenos Aires),,,,,,
AR-B277,Florentino Ameghino (Buenos Aires),,,,,,
AR-B648,Presidente Peron (Buenos Aires),Presidente Perón (Buenos Aires),Presidente Perón (Buenos Aires),,,,
AR-B412,Jose C. Paz (Buenos Aires),José C. Paz (Buenos Aires),José C. Paz (Buenos Aires),,,,
AR-B515,Malvinas Argentinas (Buenos Aires),,,,,,
AR-B655,Punta Indio (Buenos Aires),,,,,,
AR-B270,Ezeiza (Buenos Aires),,,,,,
AR-B410,Ituzaingo (Buenos Aires),Ituzainigó (Buenos Aires),Ituzainigó (Buenos Aires),,,,
AR-B408,Hurlingham (Buenos Aires),,,,,,
AR-B466,Lezama (Buenos Aires),,,,,,
AR-K049,Capital (Catamarca),,,,,,
AR-K042,Capayan (Catamarca),Capayán (Catamarca),Capayán (Catamarca),,,,
AR-K070,La Paz (Catamarca),,,,,,
AR-K014,Ancasti (Catamarca),,,,,,
AR-K056,El Alto (Catamarca),,,,,,
AR-K098,Santa Rosa (Catamarca),,,,,,
AR-K077,Paclin (Catamarca),Paclín (Catamarca),Paclín (Catamarca),,,,
AR-K112,Valle Viejo (Catamarca),,,,,,
AR-K063,Fray Mamerto Esquiu (Catamarca),Fray Mamerto Esquiú (Catamarca),Fray Mamerto Esquiú (Catamarca),,,,
AR-K007,Ambato (Catamarca),,,,,,
AR-K084,Poman (Catamarca),Pomán (Catamarca),Pomán (Catamarca),,,,
AR-K021,Andalgala (Catamarca),Andalgalá (Catamarca),Andalgalá (Catamarca),,,,
AR-K035,Belen (Catamarca),Belén (Catamarca),Belén (Catamarca),,,,
AR-K028,Antofagasta De La Sierra (Catamarca),Antofagasta de la Sierra (Catamarca),Antofagasta de la Sierra (Catamarca),,,,
AR-K105,Tinogasta (Catamarca),,,,,,
AR-K091,Santa Maria (Catamarca),Santa María (Catamarca),Santa María (Catamarca),,,,
AR-X014,Capital (Cordoba),Capital (Córdoba),Capital (Córdoba),,,,
AR-X007,Calamuchita (Cordoba),Calamuchita (Córdoba),Calamuchita (Córdoba),,,,
AR-X021,Colon (Cordoba),Colón (Córdoba),Colón (Córdoba),,,,
AR-X028,Cruz Del Eje (Cordoba),Cruz del Eje (Córdoba),Cruz del Eje (Córdoba),,,,
AR-X035,General Roca (Cordoba),Gral. Roca (Córdoba),Gral. Roca (Córdoba),,,,
AR-X042,General San Martin (Cordoba),Gral. San Martín (Córdoba),Gral. San Martín (Córdoba),,,,
AR-X049,Ischilin (Cordoba),Ischilín (Córdoba),Ischilín (Córdoba),,,,
AR-X056,Juarez Celman (Cordoba),Juárez Celman (Córdoba),Juárez Celman (Córdoba),,,,
AR-X063,Marcos Juarez (Cordoba),Marcos Juárez (Córdoba),Marcos Juárez (Córdoba),,,,
AR-X070,Minas (Cordoba),Minas (Córdoba),Minas (Córdoba),,,,
AR-X077,Pocho (Cordoba),Pocho (Córdoba),Pocho (Córdoba),,,,
AR-X091,Punilla (Cordoba),Punilla (Córdoba),Punilla (Córdoba),,,,
AR-X098,Rio Cuarto (Cordoba),Río Cuarto (Córdoba),Río Cuarto (Córdoba),,,,
AR-X105,Rio Primero (Cordoba),Río Primero (Córdoba),Río Primero (Córdoba),,,,
AR-X112,Rio Seco (Cordoba),Río Seco (Córdoba),Río Seco (Córdoba),,,,
AR-X119,Rio Segundo (Cordoba),Río Segundo (Córdoba),Río Segundo (Córdoba),,,,
AR-X084,Presidente Roque Saenz Peña (Cordoba),Pte. Roque Sáenz Peña (Córdoba),Pte. Roque Sáenz Peña (Córdoba),,,,
AR-X126,San Alberto (Cordoba),San Alberto (Córdoba),San Alberto (Córdoba),,,,
AR-X133,San Javier (Cordoba),San Javier (Córdoba),San Javier (Córdoba),,,,
AR-X140,San Justo (Cordoba),San Justo (Córdoba),San Justo (Córdoba),,,,
AR-X147,Santa Maria (Cordoba),Santa Maria (Córdoba),Santa Maria (Córdoba),,,,
AR-X154,Sobremonte (Cordoba),Sobremonte (Córdoba),Sobremonte (Córdoba),,,,
AR-X161,Tercero Arriba (Cordoba),Tercero Arriba (Córdoba),Tercero Arriba (Córdoba),,,,
AR-X168,Totoral (Cordoba),Totoral (Córdoba),Totoral (Córdoba),,,,
AR-X175,Tulumba (Cordoba),Tulumba (Córdoba),Tulumba (Córdoba),,,,
AR-X182,Union (Cordoba),Union (Córdoba),Union (Córdoba),,,,
AR-W021,Capital (Corrientes),,,,,,
AR-W070,Goya (Corrientes),,,,,,
AR-W035,Curuzu Cuatia (Corrientes),Curuzú Cuatiá (Corrientes),Curuzú Cuatiá (Corrientes),,,,
AR-W105,Mercedes (Corrientes),,,,,,
AR-W049,Esquina (Corrientes),,,,,,
AR-W091,Lavalle (Corrientes),,,,,,
AR-W168,Santo Tome (Corrientes),Santo Tomé (Corrientes),Santo Tomé (Corrientes),,,,
AR-W119,Paso De Los Libres (Corrientes),Paso de los Libres (Corrientes),Paso de los Libres (Corrientes),,,,
AR-W112,Monte Caseros (Corrientes),,,,,,
AR-W140,San Luis Del Palmar (Corrientes),San Luis del Palmar (Corrientes),San Luis del Palmar (Corrientes),,,,
AR-W007,Bella Vista (Corrientes),,,,,,
AR-W042,Empedrado (Corrientes),,,,,,
AR-W161,San Roque (Corrientes),,,,,,
AR-W063,General Paz (Corrientes),Gral. Paz (Corrientes),Gral. Paz (Corrientes),,,,
AR-W126,Saladas (Corrientes),,,,,,
AR-W147,San Martin (Corrientes),San Martín (Corrientes),San Martín (Corrientes),,,,
AR-W028,Concepcion (Corrientes),Concepción (Corrientes),Concepción (Corrientes),,,,
AR-W098,Mburucuya (Corrientes),Mburucuyá (Corrientes),Mburucuyá (Corrientes),,,,
AR-W084,Ituzaingo (Corrientes),Ituzaingó (Corrientes),Ituzaingó (Corrientes),,,,
AR-W175,Sauce (Corrientes),,,,,,
AR-W133,San Cosme (Corrientes),,,,,,
AR-W056,General Alvear (Corrientes),Gral. Alvear (Corrientes),Gral. Alvear (Corrientes),,,,
AR-W154,San Miguel (Corrientes),,,,,,
AR-W077,Itati (Corrientes),Itatí (Corrientes),Itatí (Corrientes),,,,
AR-W014,Beron De Astrada (Corrientes),Berón de Astrada (Corrientes),Berón de Astrada (Corrientes),,,,
AR-H140,San Fernando (Chaco),,,,,,
AR-H126,1° De Mayo (Chaco),,,,,,
AR-H077,Libertad (Chaco),,,,,,
AR-H056,General Donovan (Chaco),Gral. Donovan (Chaco),Gral. Donovan (Chaco),,,,
AR-H154,Sargento Cabral (Chaco),,,,,,
AR-H119,Presidencia De La Plaza (Chaco),Presidencia de la Plaza (Chaco),Presidencia de la Plaza (Chaco),,,,
AR-H014,Bermejo (Chaco),,,,,,
AR-H084,Libertador General San Martin (Chaco),Libertador Gral. San Martín (Chaco),Libertador Gral. San Martín (Chaco),,,,
AR-H161,Tapenaga (Chaco),,,,,,
AR-H147,San Lorenzo (Chaco),,,,,,
AR-H098,Mayor Luis J. Fontana (Chaco),,,,,,
AR-H112,O'higgins (Chaco),O'Higgins (Chaco),O'Higgins (Chaco),,,,
AR-H021,Comandante Fernandez (Chaco),Comandante Fernández (Chaco),Comandante Fernández (Chaco),,,,
AR-H133,Quitilipi (Chaco),,,,,,
AR-H168,25 De Mayo (Chaco),25 de Mayo (Chaco),25 de Mayo (Chaco),,,,
AR-H091,Maipu (Chaco),Maipú (Chaco),Maipú (Chaco),,,,
AR-H070,Independencia (Chaco),,,,,,
AR-H049,General Belgrano (Chaco),Gral. Belgrano (Chaco),Gral. Belgrano (Chaco),,,,
AR-H105,9 De Julio (Chaco),9 de Julio (Chaco),9 de Julio (Chaco),,,,
AR-H028,Chacabuco (Chaco),,,,,,
AR-H036,12 De Octubre (Chaco),12 de Octubre (Chaco),12 de Octubre (Chaco),,,,
AR-H039,2 De Abril (Chaco),2 de Abril (Chaco),2 de Abril (Chaco),,,,
AR-H043,Fray Justo Santa Maria De Oro (Chaco),Fray Justo S. M. de Oro (Chaco),Fray Justo S. M. de Oro (Chaco),,,,
AR-H007,Almirante Brown (Chaco),Alte. Brown (Chaco),Alte. Brown (Chaco),,,,
AR-H063,General Güemes (Chaco),Gral. Güemes (Chaco),Gral. Güemes (Chaco),,,,
AR-U077,Rawson (Chubut),,,,,,
AR-U007,Biedma (Chubut),,,,,,
AR-U105,Telsen (Chubut),,,,,,
AR-U049,Gastre (Chubut),,,,,,
AR-U014,Cushamen (Chubut),,,,,,
AR-U035,Futaleufu (Chubut),Futaleufú (Chubut),Futaleufú (Chubut),,,,
AR-U056,Languiñeo (Chubut),,,,,,
AR-U098,Tehuelches (Chubut),,,,,,
AR-U070,Paso De Los Indios (Chubut),Paso de los Indios (Chubut),Paso de los Indios (Chubut),,,,
AR-U063,Martires (Chubut),Mártires (Chubut),Mártires (Chubut),,,,
AR-U028,Florentino Ameghino (Chubut),,,,,,
AR-U042,Gaiman (Chubut),,,,,,
AR-U084,Rio Senguer (Chubut),Río Senguer (Chubut),v,,,,
AR-U091,Sarmiento (Chubut),,,,,,
AR-U021,Escalante (Chubut),,,,,,
AR-E084,Parana (Entre Rios),Paraná (Entre Ríos),Paraná (Entre Ríos),,,,
AR-E070,La Paz (Entre Rios),La Paz (Entre Ríos),La Paz (Entre Ríos),,,,
AR-E021,Diamante (Entre Rios),Diamante (Entre Ríos),Diamante (Entre Ríos),,,,
AR-E105,Victoria (Entre Rios),Victoria (Entre Ríos),Victoria (Entre Ríos),,,,
AR-E077,Nogoya (Entre Rios),Nogoyá (Entre Ríos),Nogoyá (Entre Ríos),,,,
AR-E049,Gualeguay (Entre Rios),Gualeguay (Entre Ríos),Gualeguay (Entre Ríos),,,,
AR-E091,Tala (Entre Rios),Tala (Entre Ríos),Tala (Entre Ríos),,,,
AR-E098,Uruguay (Entre Rios),Uruguay (Entre Ríos),Uruguay (Entre Ríos),,,,
AR-E056,Gualeguaychu (Entre Rios),Gualeguaychú (Entre Ríos),Gualeguaychú (Entre Ríos),,,,
AR-E063,Islas Del Ibicuy (Entre Rios),Islas del Ibicuy (Entre Ríos),Islas del Ibicuy (Entre Ríos),,,,
AR-E113,Villaguay (Entre Rios),Villaguay (Entre Ríos),Villaguay (Entre Ríos),,,,
AR-E015,Concordia (Entre Rios),Concordia (Entre Ríos),Concordia (Entre Ríos),,,,
AR-E035,Federal (Entre Rios),Federal (Entre Ríos),Federal (Entre Ríos),,,,
AR-E008,Colon (Entre Rios),Colón (Entre Ríos),Colón (Entre Ríos),,,,
AR-E042,Feliciano (Entre Rios),Feliciano (Entre Ríos),Feliciano (Entre Ríos),,,,
AR-E028,Federacion (Entre Rios),Federación (Entre Ríos),Federación (Entre Ríos),,,,
AR-E088,San Salvador (Entre Rios),San Salvador (Entre Ríos),San Salvador (Entre Ríos),,,,
AR-P014,Formosa (Formosa),,,,,,
AR-P021,Laishi (Formosa),,,,,,
AR-P049,Pilcomayo (Formosa),,,,,,
AR-P056,Pirane (Formosa),Pirané (Formosa),Pirané (Formosa),,,,
AR-P042,Pilagas (Formosa),Pilagás (Formosa),Pilagás (Formosa),,,,
AR-P035,Patiño (Formosa),,,,,,
AR-P007,Bermejo (Formosa),,,,,,
AR-P028,Matacos (Formosa),,,,,,
AR-P063,Ramon Lista (Formosa),Ramón Lista (Formosa),Ramón Lista (Formosa),,,,
AR-Y021,Dr. Manuel Belgrano (Jujuy),,,,,,
AR-Y042,Palpala (Jujuy),Palpalá (Jujuy),Palpalá (Jujuy),,,,
AR-Y056,San Antonio (Jujuy),,,,,,
AR-Y014,El Carmen (Jujuy),,,,,,
AR-Y063,San Pedro (Jujuy),,,,,,
AR-Y070,Santa Barbara (Jujuy),Santa Bárbara (Jujuy),Santa Bárbara (Jujuy),,,,
AR-Y035,Ledesma (Jujuy),,,,,,
AR-Y105,Valle Grande (Jujuy),,,,,,
AR-Y098,Tumbaya (Jujuy),,,,,,
AR-Y094,Tilcara (Jujuy),,,,,,
AR-Y028,Humahuaca (Jujuy),,,,,,
AR-Y007,Cochinoca (Jujuy),,,,,,
AR-Y049,Rinconada (Jujuy),,,,,,
AR-Y077,Santa Catalina (Jujuy),,,,,,
AR-Y112,Yavi (Jujuy),,,,,,
AR-Y084,Susques (Jujuy),,,,,,
AR-L007,Atreuco (La Pampa),Atreucó (La Pampa),Atreucó (La Pampa),,,,
AR-L021,Capital (La Pampa),,,,,,
AR-L014,Caleu Caleu (La Pampa),,,,,,
AR-L028,Catrilo (La Pampa),Catriló (La Pampa),Catriló (La Pampa),,,,
AR-L049,Chalileo (La Pampa),,,,,,
AR-L056,Chapaleufu (La Pampa),Chapaleufú (La Pampa),Chapaleufú (La Pampa),,,,
AR-L063,Chical Co (La Pampa),,,,,,
AR-L035,Conhelo (La Pampa),,,,,,
AR-L042,Curaco (La Pampa),Curacó (La Pampa),Curacó (La Pampa),,,,
AR-L070,Guatrache (La Pampa),Guatraché (La Pampa),Guatraché (La Pampa),,,,
AR-L077,Hucal (La Pampa),,,,,,
AR-L098,Loventue (La Pampa),Loventué (La Pampa),Loventué (La Pampa),,,,
AR-L084,Lihuel Calel (La Pampa),,,,,,
AR-L091,Limay Mahuida (La Pampa),,,,,,
AR-L105,Maraco (La Pampa),Maracó (La Pampa),Maracó (La Pampa),,,,
AR-L112,Puelen (La Pampa),Puelén (La Pampa),Puelén (La Pampa),,,,
AR-L119,Quemu Quemu (La Pampa),Quemú Quemú (La Pampa),Quemú Quemú (La Pampa),,,,
AR-L126,Rancul (La Pampa),,,,,,
AR-L133,Realico (La Pampa),Realicó (La Pampa),Realicó (La Pampa),,,,
AR-L140,Toay (La Pampa),,,,,,
AR-L147,Trenel (La Pampa),,,,,,
AR-L154,Utracan (La Pampa),Utracán (La Pampa),Utracán (La Pampa),,,,
AR-F014,Capital (La Rioja),,,,,,
AR-F126,Sanagasta (La Rioja),,,,,,
AR-F021,Castro Barros (La Rioja),,,,,,
AR-F007,Arauco (La Rioja),,,,,,
AR-F119,San Blas De Los Sauces (La Rioja),San Blas de los Sauces (La Rioja),San Blas de los Sauces (La Rioja),,,,
AR-F042,Chilecito (La Rioja),,,,,,
AR-F049,Famatina (La Rioja),,,,,,
AR-F028,Coronel Felipe Varela (La Rioja),Cnel. Felipe Varela (La Rioja),Cnel. Felipe Varela (La Rioja),,,,
AR-F077,General Lamadrid (La Rioja),,,,,,
AR-F098,Vinchina (La Rioja),,,,,,
AR-F105,Independencia (La Rioja),,,,,,
AR-F035,Chamical (La Rioja),,,,,,
AR-F056,General Angel V. Peñaloza (La Rioja),Gral. Angel V. Peñaloza (La Rioja),Gral. Angel V. Peñaloza (La Rioja),,,,
AR-F063,General Belgrano (La Rioja),Gral. Belgrano (La Rioja),Gral. Belgrano (La Rioja),,,,
AR-F070,General Juan F.quiroga (La Rioja),Gral. Juan F. Quiroga (La Rioja),Gral. Juan F. Quiroga (La Rioja),,,,
AR-F084,General Ocampo (La Rioja),Gral. Ocampo (La Rioja),Gral. Ocampo (La Rioja),,,,
AR-F112,Rosario Vera Peñaloza (La Rioja),,,,,,
AR-F091,General San Martin (La Rioja),Gral. San Martín (La Rioja),Gral. San Martín (La Rioja),,,,
AR-M007,Capital (Mendoza),,,,,,
AR-M021,Godoy Cruz (Mendoza),,,,,,
AR-M028,Guaymallen (Mendoza),Guaymallén (Mendoza),Guaymallén (Mendoza),,,,
AR-M049,Las Heras (Mendoza),,,,,,
AR-M056,Lavalle (Mendoza),,,,,,
AR-M070,Maipu (Mendoza),Maipú (Mendoza),Maipú (Mendoza),,,,
AR-M063,Lujan De Cuyo (Mendoza),Luján de Cuyo (Mendoza),Luján de Cuyo (Mendoza),,,,
AR-M126,Tupungato (Mendoza),,,,,,
AR-M098,San Martin (Mendoza),San Martín (Mendoza),San Martín (Mendoza),,,,
AR-M035,Junin (Mendoza),Junín (Mendoza),Junín (Mendoza),,,,
AR-M084,Rivadavia (Mendoza),,,,,,
AR-M119,Tunuyan (Mendoza),Tunuyán (Mendoza),Tunuyán (Mendoza),,,,
AR-M091,San Carlos (Mendoza),,,,,,
AR-M112,Santa Rosa (Mendoza),,,,,,
AR-M042,La Paz (Mendoza),,,,,,
AR-M105,San Rafael (Mendoza),,,,,,
AR-M077,Malargüe (Mendoza),,,,,,
AR-M014,General Alvear (Mendoza),Gral. Alvear (Mendoza),Gral. Alvear (Mendoza),,,,
AR-N028,Capital (Misiones),,,,,,
AR-N007,Apostoles (Misiones),Apóstoles (Misiones),Apóstoles (Misiones),,,,
AR-N021,Candelaria (Misiones),,,,,,
AR-N070,Leandro N. Alem (Misiones),,,,,,
AR-N035,Concepcion (Misiones),,,,,,
AR-N105,San Javier (Misiones),,,,,,
AR-N098,San Ignacio (Misiones),,,,,,
AR-N091,Obera (Misiones),Oberá (Misiones),Oberá (Misiones),,,,
AR-N077,Libertador General San Martin (Misiones),Libertador Gral. San Martín (Misiones),Libertador Gral. San Martín (Misiones),,,,
AR-N014,Cainguas (Misiones),Cainguás (Misiones),Cainguás (Misiones),,,,
AR-N119,25 De Mayo (Misiones),25 de Mayo (Misiones),25 de Mayo (Misiones),,,,
AR-N084,Montecarlo (Misiones),,,,,,
AR-N056,Guarani (Misiones),Guaraní (Misiones),Guaraní (Misiones),,,,
AR-N042,El Dorado (Misiones),,,,,,
AR-N112,San Pedro (Misiones),,,,,,
AR-N063,Iguazu (Misiones),Iguazú (Misiones),Iguazú (Misiones),,,,
AR-N049,General Manuel Belgrano (Misiones),Gral. Manuel Belgrano (Misiones),Gral. Manuel Belgrano (Misiones),,,,
AR-Q035,Confluencia (Neuquen),Confluencia (Neuquén),Confluencia (Neuquén),,,,
AR-Q112,Zapala (Neuquen),Zapala (Neuquén),Zapala (Neuquén),,,,
AR-Q014,Añelo (Neuquen),Añelo (Neuquén),Añelo (Neuquén),,,,
AR-Q091,Pehuenches (Neuquen),Pehuenches (Neuquén),Pehuenches (Neuquén),,,,
AR-Q042,Chos Malal (Neuquen),Chos Malal (Neuquén),Chos Malal (Neuquén),,,,
AR-Q077,Minas (Neuquen),Minas (Neuquén),Minas (Neuquén),,,,
AR-Q084,Ñorquin (Neuquen),Ñorquín (Neuquén),Ñorquín (Neuquén),,,,
AR-Q063,Loncopue (Neuquen),Loncopué (Neuquén),Loncopué (Neuquén),,,,
AR-Q105,Picunches (Neuquen),Picunches (Neuquén),Picunches (Neuquén),,,,
AR-Q007,Alumine (Neuquen),Aluminé (Neuquén),Aluminé (Neuquén),,,,
AR-Q021,Catan Lil (Neuquen),Catan Lil (Neuquén),Catan Lil (Neuquén),,,,
AR-Q098,Picun Leufu (Neuquen),Picún Leufú (Neuquén),Picún Leufú (Neuquén),,,,
AR-Q028,Collon Cura (Neuquen),Collon Curá (Neuquén),Collon Curá (Neuquén),,,,
AR-Q049,Huiliches (Neuquen),Huiliches (Neuquén),Huiliches (Neuquén),,,,
AR-Q056,Lacar (Neuquen),Lácar (Neuquén),Lácar (Neuquén),,,,
AR-Q070,Los Lagos (Neuquen),Los Lagos (Neuquén),Los Lagos (Neuquén),,,,
AR-R007,Adolfo Alsina (Rio Negro),Adolfo Alsina (Río Negro),Adolfo Alsina (Río Negro),,,,
AR-R028,Conesa (Rio Negro),Conesa (Río Negro),Conesa (Río Negro),,,,
AR-R077,San Antonio (Rio Negro),San Antonio (Río Negro),San Antonio (Río Negro),,,,
AR-R084,Valcheta (Rio Negro),Valcheta (Río Negro),Valcheta (Río Negro),,,,
AR-R049,9 De Julio (Rio Negro),9 de Julio (Río Negro),9 de Julio (Río Negro),,,,
AR-R091,25 De Mayo (Rio Negro),25 de Mayo (Río Negro),25 de Mayo (Río Negro),,,,
AR-R056,Ñorquinco (Rio Negro),Ñorquinco (Río Negro),Ñorquinco (Río Negro),,,,
AR-R070,Pilcaniyeu (Rio Negro),Pilcaniyeu (Río Negro),Pilcaniyeu (Río Negro),,,,
AR-R021,Bariloche (Rio Negro),Bariloche (Río Negro),Bariloche (Río Negro),,,,
AR-R063,Pichi Mahuida (Rio Negro),Pichi Mahuida (Río Negro),Pichi Mahuida (Río Negro),,,,
AR-R014,Avellaneda (Rio Negro),Avellaneda (Río Negro),Avellaneda (Río Negro),,,,
AR-R042,General Roca (Rio Negro),Gral. Roca (Río Negro),Gral. Roca (Río Negro),,,,
AR-R035,El Cuy (Rio Negro),El Cuy (Río Negro),El Cuy (Río Negro),,,,
AR-A028,Capital (Salta),,,,,,
AR-A077,La Caldera (Salta),,,,,,
AR-A049,General Güemes (Salta),Gral. Güemes (Salta),Gral. Güemes (Salta),,,,
AR-A112,Metan (Salta),Metán (Salta),Metán (Salta),,,,
AR-A007,Anta (Salta),,,,,,
AR-A133,Rivadavia (Salta),,,,,,
AR-A126,Oran (Salta),Orán (Salta),Orán (Salta),,,,
AR-A056,General Jose De San Martin (Salta),Gral. Jose de San Martín (Salta),Gral. Jose de San Martín (Salta),,,,
AR-A070,Iruya (Salta),,,,,,
AR-A161,Santa Victoria (Salta),,,,,,
AR-A035,Cerrillos (Salta),,,,,,
AR-A042,Chicoana (Salta),,,,,,
AR-A098,La Viña (Salta),,,,,,
AR-A063,Guachipas (Salta),,,,,,
AR-A140,Rosario De La Frontera (Salta),Rosario de la Frontera (Salta),Rosario de la Frontera (Salta),,,,
AR-A084,La Candelaria (Salta),,,,,,
AR-A021,Cafayate (Salta),,,,,,
AR-A154,San Carlos (Salta),,,,,,
AR-A119,Molinos (Salta),,,,,,
AR-A014,Cachi (Salta),,,,,,
AR-A147,Rosario De Lerma (Salta),Rosario de Lerma (Salta),Rosario de Lerma (Salta),,,,
AR-A091,La Poma (Salta),,,,,,
AR-A105,Los Andes (Salta),,,,,,
AR-J028,Capital (San Juan),,,,,,
AR-J098,Santa Lucia (San Juan),Santa Lucía (San Juan),Santa Lucía (San Juan),,,,
AR-J042,Chimbas (San Juan),,,,,,
AR-J084,Rivadavia (San Juan),,,,,,
AR-J133,Zonda (San Juan),,,,,,
AR-J077,Rawson (San Juan),,,,,,
AR-J434,9 De Julio (San Juan),9 de Julio (San Juan),9 de Julio (San Juan),,,,
AR-J091,San Martin (San Juan),San Martín (San Juan),San Martín (San Juan),,,,
AR-J014,Angaco (San Juan),,,,,,
AR-J007,Albardon (San Juan),Albardón (San Juan),Albardón (San Juan),,,,
AR-J112,Ullum (San Juan),,,,,,
AR-J070,Pocito (San Juan),,,,,,
AR-J105,Sarmiento (San Juan),,,,,,
AR-J126,25 De Mayo (San Juan),25 de Mayo (San Juan),25 de Mayo (San Juan),,,,
AR-J035,Caucete (San Juan),,,,,,
AR-J119,Valle Fertil (San Juan),Valle Fértil (San Juan),Valle Fértil (San Juan),,,,
AR-J056,Jachal (San Juan),Jáchal (San Juan),Jáchal (San Juan),,,,
AR-J049,Iglesia (San Juan),,,,,,
AR-J021,Calingasta (San Juan),,,,,,
AR-D056,La Capital (San Luis),,,,,,
AR-D021,Coronel Pringles (San Luis),,,,,,
AR-D035,General Pedernera (San Luis),Gral. Pedernera (San Luis),Gral. Pedernera (San Luis),,,,
AR-D028,Chacabuco (San Luis),,,,,,
AR-D063,Libertador General San Martin (San Luis),Libertador Gral. San Martín (San Luis),Libertador Gral. San Martín (San Luis),,,,
AR-D049,Junin (San Luis),Junín (San Luis),Junín (San Luis),,,,
AR-D007,Ayacucho (San Luis),,,,,,
AR-D014,Belgrano (San Luis),,,,,,
AR-D042,Gobernador Dupuy (San Luis),,,,,,
AR-Z014,Deseado (Santa Cruz),,,,,,
AR-Z035,Lago Buenos Aires (Santa Cruz),,,,,,
AR-Z042,Magallanes (Santa Cruz),,,,,,
AR-Z049,Rio Chico (Santa Cruz),Río Chico (Santa Cruz),Río Chico (Santa Cruz),,,,
AR-Z007,Corpen Aike (Santa Cruz),,,,,,
AR-Z028,Lago Argentino (Santa Cruz),,,,,,
AR-Z021,Güer Aike (Santa Cruz),,,,,,
AR-S007,Belgrano (Santa Fe),,,,,,
AR-S014,Caseros (Santa Fe),,,,,,
AR-S021,Castellanos (Santa Fe),,,,,,
AR-S028,Constitucion (Santa Fe),Constitución (Santa Fe),Constitución (Santa Fe),,,,
AR-S035,Garay (Santa Fe),,,,,,
AR-S042,General Lopez (Santa Fe),Gral. López (Santa Fe),Gral. López (Santa Fe),,,,
AR-S049,General Obligado (Santa Fe),,,,,,
AR-S056,Iriondo (Santa Fe),,,,,,
AR-S063,La Capital (Santa Fe),,,,,,
AR-S070,Las Colonias (Santa Fe),,,,,,
AR-S077,9 De Julio (Santa Fe),9 de Julio (Santa Fe),9 de Julio (Santa Fe),,,,
AR-S084,Rosario (Santa Fe),,,,,,
AR-S091,San Cristobal (Santa Fe),San Cristóbal (Santa Fe),San Cristóbal (Santa Fe),,,,
AR-S098,San Javier (Santa Fe),,,,,,
AR-S105,San Jeronimo (Santa Fe),San Jerónimo (Santa Fe),San Jerónimo (Santa Fe),,,,
AR-S112,San Justo (Santa Fe),,,,,,
AR-S119,San Lorenzo (Santa Fe),,,,,,
AR-S126,San Martin (Santa Fe),,,,,,
AR-S133,Vera (Santa Fe),,,,,,
AR-G049,Capital (Santiago Del Estero),Capital (Santiago del Estero),Capital (Santiago del Estero),,,,
AR-G028,Avellaneda (Santiago Del Estero),Avellaneda (Santiago del Estero),Avellaneda (Santiago del Estero),,,,
AR-G007,Aguirre (Santiago Del Estero),Aguirre (Santiago del Estero),Aguirre (Santiago del Estero),,,,
AR-G014,Alberdi (Santiago Del Estero),Alberdi (Santiago del Estero),Alberdi (Santiago del Estero),,,,
AR-G021,Atamisqui (Santiago Del Estero),Atamisqui (Santiago del Estero),Atamisqui (Santiago del Estero),,,,
AR-G035,Banda (Santiago Del Estero),Banda (Santiago del Estero),Banda (Santiago del Estero),,,,
AR-G042,Belgrano (Santiago Del Estero),Belgrano (Santiago del Estero),Belgrano (Santiago del Estero),,,,
AR-G056,Copo (Santiago Del Estero),Copo (Santiago del Estero),Copo (Santiago del Estero),,,,
AR-G063,Choya (Santiago Del Estero),Choya (Santiago del Estero),Choya (Santiago del Estero),,,,
AR-G070,Figueroa (Santiago Del Estero),Figueroa (Santiago del Estero),Figueroa (Santiago del Estero),,,,
AR-G084,Guasayan (Santiago Del Estero),Guasayán (Santiago del Estero),Guasayán (Santiago del Estero),,,,
AR-G091,Jimenez (Santiago Del Estero),Jiménez (Santiago del Estero),Jiménez (Santiago del Estero),,,,
AR-G105,Loreto (Santiago Del Estero),Loreto (Santiago del Estero),Loreto (Santiago del Estero),,,,
AR-G098,Juan F. Ibarra (Santiago Del Estero),Juan F. Ibarra (Santiago del Estero),Juan F. Ibarra (Santiago del Estero),,,,
AR-G112,Mitre (Santiago Del Estero),Mitre (Santiago del Estero),Mitre (Santiago del Estero),,,,
AR-G119,Moreno (Santiago Del Estero),Moreno (Santiago del Estero),Moreno (Santiago del Estero),,,,
AR-G126,Ojo De Agua (Santiago Del Estero),Ojo de Agua (Santiago del Estero),Ojo de Agua (Santiago del Estero),,,,
AR-G133,Pelegrini (Santiago Del Estero),Pellegrini (Santiago del Estero),Pellegrini (Santiago del Estero),,,,
AR-G140,Quebrachos (Santiago Del Estero),Quebrachos (Santiago del Estero),Quebrachos (Santiago del Estero),,,,
AR-G154,Rivadavia (Santiago Del Estero),Rivadavia (Santiago del Estero),Rivadavia (Santiago del Estero),,,,
AR-G161,Robles (Santiago Del Estero),Robles (Santiago del Estero),Robles (Santiago del Estero),,,,
AR-G147,Rio Hondo (Santiago Del Estero),Río Hondo (Santiago del Estero),Río Hondo (Santiago del Estero),,,,
AR-G189,Silipica (Santiago Del Estero),Silipica (Santiago del Estero),Silipica (Santiago del Estero),,,,
AR-G175,San Martin (Santiago Del Estero),San Martín (Santiago del Estero),San Martín (Santiago del Estero),,,,
AR-G168,Salavina (Santiago Del Estero),Salavina (Santiago del Estero),Salavina (Santiago del Estero),,,,
AR-G182,Sarmiento (Santiago Del Estero),Sarmiento (Santiago del Estero),Sarmiento (Santiago del Estero),,,,
AR-G077,General Taboada (Santiago Del Estero),Gral. Taboada (Santiago del Estero),Gral. Taboada (Santiago del Estero),,,,
AR-T084,Capital (Tucuman),Capital (Tucumán),Capital (Tucumán),,,,
AR-T063,Lules (Tucuman),Lules (Tucumán),Lules (Tucumán),,,,
AR-T028,Famailla (Tucuman),Famaillá (Tucumán),Famaillá (Tucumán),,,,
AR-T070,Monteros (Tucuman),Monteros (Tucumán),Monteros (Tucumán),,,,
AR-T021,Chicligasta (Tucuman),Chicligasta (Tucumán),Chicligasta (Tucumán),,,,
AR-T077,Rio Chico (Tucuman),Río Chico (Tucumán),Río Chico (Tucumán),,,,
AR-T042,Juan B. Alberdi (Tucuman),Juan B. Alberdi (Tucumán),Juan B. Alberdi (Tucumán),,,,
AR-T049,La Cocha (Tucuman),La Cocha (Tucumán),La Cocha (Tucumán),,,,
AR-T035,Graneros (Tucuman),Graneros (Tucumán),Graneros (Tucumán),,,,
AR-T091,Simoca (Tucuman),Simoca (Tucumán),Simoca (Tucumán),,,,
AR-T056,Leales (Tucuman),Leales (Tucumán),Leales (Tucumán),,,,
AR-T014,Cruz Alta (Tucuman),Cruz Alta (Tucumán),Cruz Alta (Tucumán),,,,
AR-T007,Burruyacu (Tucuman),Burruyacú (Tucumán),Burruyacú (Tucumán),,,,
AR-T112,Trancas (Tucuman),Trancas (Tucumán),Trancas (Tucumán),,,,
AR-T119,Yerba Buena (Tucuman),Yerba Buena (Tucumán),Yerba Buena (Tucumán),,,,
AR-T105,Tafi Viejo (Tucuman),Tafí Viejo (Tucumán),Tafí Viejo (Tucumán),,,,
AR-T098,Tafi Del Valle (Tucuman),Tafí Del Valle (Tucumán),Tafí Del Valle (Tucumán),,,,
AR-V014,Ushuaia (Tierra Del Fuego),Ushuaia (Tierra del Fuego),Ushuaia (Tierra del Fuego),,,,
AR-V007,Rio Grande (Tierra Del Fuego),Río Grande (Tierra del Fuego),Río Grande (Tierra del Fuego),,,,
AR-BAS-CAMMESA,CABA y Buenos Aires (CAMMESA),CABA y Buenos Aires,CABA y Buenos Aires,,,,
AR-CEN-CAMMESA,Centro (Argentina) (CAMMESA),Centro,Centro,,,,
AR-COM-CAMMESA,Comahue (CAMMESA),Comahue,Comahue,,,,
AR-CUY-CAMMESA,Cuyo (CAMMESA),Cuyo,Cuyo,,,,
AR-LIT-CAMMESA,Litoral Argentino (CAMMESA),Litoral,Litoral,,,,
AR-NEA-CAMMESA,Nordeste Argentino (CAMMESA),NEA,NEA,,,,
AR-NOA-CAMMESA,Noreste Argentino (CAMMESA),NOA,NOA,,,,
AR-PAT-CAMMESA,Patagonia Argentina (CAMMESA),Patagonia,Patagonia,,,,
AR-NAC,Nacional,,,,,,
AR-GBA,Gran Buenos Aires,,,,,,
AR-NOA,Noroeste argentino,NOA,NOA,,,,
AR-NEA,Noreste Argentino,NEA,NEA,,,,
AR-PAM,Pampeana,,,,,,
AR-CUY,Cuyo,,,,,,
AR-PAT,Patagonia,,,,,,
SEBACO_AR-B-RESTO,Resto de Buenos Aires,,,,,,
SEBACO_AR-RESTO,Resto del país,,,,,,
DESIGU_AML,América Latina,,,,,,
MINERI_NO-DIST,No distribuído,,,,,,
EAS_MPD,Asia Oriental (Maddison Project Database),Asia Oriental,Asia Oriental,,,,
EEU_MPD,Europa Oriental (Maddison Project Database),Europa Oriental,Europa Oriental,,,,
LAC_MPD,América Latina (Maddison Project Database),América Latina,América Latina,,,,
MNA_MPD,Medio Oriente y África del Norte (Maddison Project Database),Medio Oriente y África del Norte,Medio Oriente y África del Norte,,,,
SEA_MPD,Asia del Sur y Sudeste (Maddison Project Database),Asia del Sur y Sudeste,Asia del Sur y Sudeste,,,,
SSA_MPD,África Subsahariana (Maddison Project Database),África Subsahariana,África Subsahariana,,,,
WEU_MPD,Europa Occidental (Maddison Project Database),Europa Occidental,Europa Occidental,,,,
WOF_MPD,Ramificaciones de Occidente (Maddison Project Database),Ramificaciones de Occidente,Ramificaciones de Occidente,,,,
CRECIM_AML-RESTO,Resto de América Latina,,,,,,
DESHUM_ZZA.VHHD,Desarrollo humano muy alto - PNUD,Países de desarrollo humano muy alto,Países de desarrollo humano muy alto,,,,
DESHUM_ZZB.HHD,Desarrollo humano alto - PNUD,Países de desarrollo humano alto,Países de desarrollo humano alto,,,,
DESHUM_ZZC.MHD,Desarrollo humano medio - PNUD,Países de desarrollo humano medio,Países de desarrollo humano medio,,,,
DESHUM_ZZD.LHD,Desarrollo humano bajo - PNUD,Países de desarrollo humano bajo,Países de desarrollo humano bajo,,,,
DESHUM_ZZE.AS,Estados Árabes - PNUD,Estados árabes,Estados árabes,,,,
DESHUM_ZZF.EAP,Este de Asia y Pacífico - PNUD,Este de Asia y Pacífico,Este de Asia y Pacífico,,,,
DESHUM_ZZG.ECA,Europa y Asia Central - PNUD,Europa y Asia Central,Europa y Asia Central,,,,
DESHUM_ZZH.LAC,América Latina y el Caribe - PNUD,América Latina y el Caribe,América Latina y el Caribe,,,,
DESHUM_ZZI.SA,Asia meridional - PNUD,Asia meridional,Asia meridional,,,,
DESHUM_ZZJ.SSA,África Subsahariana - PNUD,África Subsahariana,África Subsahariana,,,,
MERTRA_TOTAL,Total (MERTRA),Total,Total,,,,
DESHUM_AHDI.EAS,Asia Oriental (AHDI),Asia Oriental,Asia Oriental,,,,
DESHUM_AHDI.EEU,Europa Oriental (AHDI),Europa Oriental,Europa Oriental,,,,
DESHUM_AHDI.LAC,América Latina y el Caribe (AHDI),América Latina y el Caribe,América Latina y el Caribe,,,,
DESHUM_AHDI.MEA,Medio Oriente (AHDI),Medio Oriente,Medio Oriente,,,,
DESHUM_AHDI.NAF,África del Norte (AHDI),África del Norte,África del Norte,,,,
DESHUM_AHDI.OECD,OCDE (AHDI),Países de la OCDE,Países de la OCDE,,,,
DESHUM_AHDI.ROW,No OCDE (AHDI),Países no OCDE,Países no OCDE,,,,
DESHUM_AHDI.SAS,Asia del Sur (AHDI),Asia del Sur,Asia del Sur,,,,
DESHUM_AHDI.SSA,África Subsahariana (AHDI),África Subsahariana,África Subsahariana,,,,
DESHUM_AHDI.WEU,Europa Occidental (AHDI),Europa Occidental,Europa Occidental,,,,
DESHUM_AHDI.WLD,Mundo (AHDI),Mundo,Mundo,,,,
DESHUM_AHDI.WOF,Ramificaciones de Occidente (AHDI),Ramificaciones de Occidente,Ramificaciones de Occidente,,,,
NIR,Irlanda del Norte,,,,,,
CAMCLI_IA,Aviación internacional,,,,,,
F_ESTPRO,África (OECD),África,África,,,,
NAFTA_ESTPRO,Países miembros del NAFTA (OECD),Países miembros del NAFTA,Países miembros del NAFTA,,,,
EAZ,"República Unida de Tanzanía, Zanzibar (FAO)",Zanzibar,Zanzibar,,,,
YUG,Yugoslavia (ATLAS),Yugoslavia,Yugoslavia,,,,
SUN,Unión Soviética (ATLAS),Unión Soviética,Unión Soviética,,,,
F5503,Micronesia (FAO),Micronesia,Micronesia,,,,